type,weighted,#hubs_removed,method,normalized,#clusters,#nodes,avg_cluster_size,median_cluster_size,#size_one-two,size_one-two%,largest,largest%,second_largest,second%,third_largest,third%,#>100,>100%,#<5,<5%
user,True,1000,fcd,True,59290,59941,17.67,7.00,59245,99.92,104,0.17,30,0.05,24,0.04,1,0.00,59281,99.98
user,False,100,map,False,46,61135,5550.27,8.00,27,58.70,60852,99.54,104,0.17,30,0.05,2,4.35,38,82.61
user,False,1000,fcd,True,59290,59941,17.67,7.00,59245,99.92,104,0.17,30,0.05,24,0.04,1,0.00,59281,99.98
comment,True,100,fcd,True,31311,31430,5.00,3.00,31304,99.98,15,0.05,4,0.01,3,0.01,0,0.00,31310,100.00
comment,False,500,fcd,False,49,30919,1623.16,15.00,27,55.10,8412,27.21,7002,22.65,6264,20.26,7,14.29,31,63.27
user,False,10,map,False,35,61290,6123.10,11.50,20,57.14,61036,99.59,104,0.17,30,0.05,2,5.71,28,80.00
submission,False,100,fcd,False,180,57212,1829.90,23.00,76,42.22,19403,33.91,17564,30.70,13561,23.70,7,3.89,122,67.78
comment,True,500,map,False,467,30919,616.53,28.00,147,31.48,25432,82.25,751,2.43,643,2.08,11,2.36,282,60.39
submission,False,100,fcd,True,56794,57212,18.36,6.00,56761,99.94,100,0.17,30,0.05,24,0.04,0,0.00,56786,99.99
submission,False,10,map,False,741,57394,809.45,34.00,198,26.72,48876,85.16,357,0.62,215,0.37,14,1.89,396,53.44
comment,False,10,map,False,179,31560,964.56,18.00,68,37.99,29919,94.80,175,0.55,119,0.38,3,1.68,106,59.22
user,True,50,map,True,43,61205,5557.18,8.00,24,55.81,60928,99.55,104,0.17,30,0.05,2,4.65,35,81.40
submission,True,100,fcd,True,56794,57212,18.36,6.00,56761,99.94,100,0.17,30,0.05,24,0.04,0,0.00,56786,99.99
user,True,50,fcd,False,93,61205,2259.70,23.00,51,54.84,19372,31.65,15357,25.09,13404,21.90,8,8.60,62,66.67
user,True,10,fcd,True,61087,61290,10.22,5.00,61068,99.97,30,0.05,24,0.04,15,0.02,0,0.00,61082,99.99
user,False,500,fcd,False,181,60597,1668.42,19.50,77,42.54,20653,34.08,15524,25.62,10832,17.88,8,4.42,117,64.64
comment,True,10,fcd,False,32,31560,1576.50,11.50,11,34.38,10081,31.94,7154,22.67,6773,21.46,6,18.75,14,43.75
comment,True,100,fcd,False,29,31430,1653.21,19.00,12,41.38,9112,28.99,7168,22.81,5577,17.74,6,20.69,13,44.83
comment,True,1000,fcd,True,29949,30274,5.71,4.00,29925,99.92,15,0.05,10,0.03,5,0.02,0,0.00,29946,99.99
user,False,100,map,True,46,61135,5550.27,8.00,27,58.70,60852,99.54,104,0.17,30,0.05,2,4.35,38,82.61
user,True,100,fcd,True,60869,61135,9.80,5.50,60844,99.96,30,0.05,24,0.04,15,0.02,0,0.00,60863,99.99
comment,False,100,map,False,272,31430,780.33,22.00,106,38.97,28505,90.69,441,1.40,206,0.66,6,2.21,176,64.71
submission,False,500,map,False,1771,56640,526.33,44.00,433,24.45,36185,63.89,803,1.42,716,1.26,22,1.24,853,48.16
submission,True,1000,map,True,3733,55946,64.42,51.00,320,8.57,222,0.40,192,0.34,190,0.34,22,0.59,635,17.01
submission,True,10,map,True,2772,57394,96.51,72.50,166,5.99,597,1.04,441,0.77,428,0.75,61,2.20,385,13.89
submission,True,50,map,False,1104,57288,613.15,45.00,247,22.37,42399,74.01,879,1.53,596,1.04,24,2.17,524,47.46
submission,False,1000,fcd,False,243,55946,1676.97,19.00,147,60.49,16167,28.90,13503,24.14,10578,18.91,10,4.12,187,76.95
submission,True,50,fcd,True,56875,57288,18.36,6.00,56840,99.94,100,0.17,30,0.05,24,0.04,0,0.00,56867,99.99
comment,False,500,map,True,1886,30919,72.89,47.00,126,6.68,818,2.65,300,0.97,262,0.85,19,1.01,223,11.82
user,False,1000,map,False,1936,59941,511.74,50.00,464,23.97,34637,57.79,1593,2.66,1118,1.87,25,1.29,917,47.37
submission,False,50,fcd,True,56875,57288,18.36,6.00,56840,99.94,100,0.17,30,0.05,24,0.04,0,0.00,56867,99.99
comment,False,10,fcd,True,31493,31560,5.25,2.50,31491,99.99,15,0.05,3,0.01,2,0.01,0,0.00,31492,100.00
comment,True,50,map,False,158,31497,1143.33,16.00,62,39.24,29912,94.97,226,0.72,109,0.35,4,2.53,94,59.49
submission,False,500,fcd,True,56059,56640,18.36,6.00,56010,99.91,100,0.18,30,0.05,24,0.04,0,0.00,56047,99.98
comment,False,50,map,True,1300,31497,176.90,46.50,101,7.77,8362,26.55,833,2.64,496,1.57,20,1.54,213,16.38
submission,False,10,map,True,2388,57394,196.66,58.00,176,7.37,12211,21.28,784,1.37,493,0.86,33,1.38,344,14.41
submission,False,1000,fcd,True,55194,55946,18.36,6.00,55134,99.89,100,0.18,30,0.05,24,0.04,0,0.00,55181,99.98
user,True,500,map,False,1499,60597,668.17,42.00,333,22.21,41650,68.73,1180,1.95,1179,1.95,23,1.53,718,47.90
submission,True,500,fcd,True,56059,56640,18.36,6.00,56010,99.91,100,0.18,30,0.05,24,0.04,0,0.00,56047,99.98
comment,True,500,fcd,True,30698,30919,5.00,3.00,30689,99.97,15,0.05,4,0.01,3,0.01,0,0.00,30697,100.00
submission,True,100,fcd,False,165,57212,1578.03,29.50,85,51.52,17106,29.90,16645,29.09,9173,16.03,11,6.67,114,69.09
submission,True,10,fcd,False,138,57394,1902.07,27.50,68,49.28,16711,29.12,16272,28.35,11653,20.30,8,5.80,94,68.12
comment,False,1000,map,True,2127,30274,62.31,37.00,166,7.80,660,2.18,356,1.18,263,0.87,11,0.52,313,14.72
submission,True,1000,fcd,False,233,55946,1352.56,31.00,150,64.38,13285,23.75,10572,18.90,6990,12.49,18,7.73,173,74.25
user,False,10,fcd,True,61087,61290,10.22,5.00,61068,99.97,30,0.05,24,0.04,15,0.02,0,0.00,61082,99.99
comment,False,100,map,True,1437,31430,127.88,50.50,93,6.47,4432,14.10,982,3.12,485,1.54,24,1.67,194,13.50
comment,True,50,map,True,1551,31497,104.21,53.00,101,6.51,3000,9.52,769,2.44,385,1.22,26,1.68,232,14.96
comment,True,10,fcd,True,31493,31560,5.25,2.50,31491,99.99,15,0.05,3,0.01,2,0.01,0,0.00,31492,100.00
user,True,100,fcd,False,98,61135,2032.73,28.50,53,54.08,19172,31.36,14391,23.54,10600,17.34,10,10.20,66,67.35
user,False,50,fcd,False,114,61205,2032.07,21.50,62,54.39,21138,34.54,17119,27.97,9308,15.21,9,7.89,74,64.91
comment,True,1000,fcd,False,84,30274,1255.04,16.50,45,53.57,8554,28.26,8184,27.03,5686,18.78,10,11.90,61,72.62
user,False,50,map,True,43,61205,5557.18,8.00,24,55.81,60928,99.55,104,0.17,30,0.05,2,4.65,35,81.40
comment,False,50,fcd,False,35,31497,1430.18,11.50,11,31.43,9121,28.96,7986,25.35,5932,18.83,6,17.14,16,45.71
user,True,1000,fcd,False,156,59941,1754.74,28.00,103,66.03,16774,27.98,8994,15.00,7372,12.30,14,8.97,119,76.28
submission,True,500,map,False,1668,56640,392.51,59.50,341,20.44,30747,54.28,924,1.63,753,1.33,39,2.34,715,42.87
comment,False,1000,map,False,795,30274,474.73,32.50,252,31.70,21381,70.62,1066,3.52,672,2.22,15,1.89,497,62.52
submission,False,50,fcd,False,164,57288,1897.13,19.50,78,47.56,20407,35.62,19254,33.61,8441,14.73,9,5.49,120,73.17
user,False,500,map,True,64,60597,5496.64,8.00,38,59.38,60267,99.46,99,0.16,30,0.05,1,1.56,53,82.81
user,True,10,map,False,35,61290,6123.10,11.50,20,57.14,61036,99.59,104,0.17,30,0.05,2,5.71,28,80.00
user,True,500,fcd,True,60098,60597,18.36,6.00,60060,99.94,104,0.17,30,0.05,24,0.04,1,0.00,60090,99.99
user,True,1000,map,True,3638,59941,81.49,52.00,280,7.70,839,1.40,477,0.80,227,0.38,26,0.71,542,14.90
user,False,100,fcd,False,93,61135,2437.64,24.00,54,58.06,19033,31.13,15487,25.33,8715,14.26,7,7.53,64,68.82
user,False,1000,map,True,92,59941,4978.83,9.00,61,66.30,59540,99.33,99,0.17,30,0.05,1,1.09,80,86.96
comment,True,100,map,True,1645,31430,95.53,53.00,95,5.78,2397,7.63,674,2.14,265,0.84,26,1.58,237,14.41
comment,False,500,map,False,525,30919,585.98,27.00,194,36.95,24908,80.56,845,2.73,638,2.06,13,2.48,348,66.29
user,False,10,fcd,False,101,61290,2106.03,19.00,49,48.51,20821,33.97,14303,23.34,11279,18.40,8,7.92,64,63.37
submission,False,100,map,False,1012,57212,734.22,37.00,275,27.17,45506,79.54,618,1.08,522,0.91,14,1.38,549,54.25
comment,True,500,fcd,False,69,30919,1337.70,14.00,30,43.48,8690,28.11,8370,27.07,6754,21.84,6,8.70,41,59.42
submission,False,100,map,True,2832,57212,92.81,63.00,168,5.93,759,1.33,468,0.82,413,0.72,45,1.59,334,11.79
submission,False,10,fcd,False,134,57394,2115.00,23.00,72,53.73,19143,33.35,17748,30.92,9068,15.80,6,4.48,98,73.13
comment,False,10,fcd,False,29,31560,1970.38,15.00,12,41.38,9755,30.91,9057,28.70,6818,21.60,7,24.14,13,44.83
user,True,50,fcd,True,60959,61205,9.80,5.50,60935,99.96,30,0.05,24,0.04,15,0.02,0,0.00,60953,99.99
submission,True,100,map,True,2963,57212,86.70,67.00,203,6.85,702,1.23,345,0.60,246,0.43,47,1.59,440,14.85
user,True,50,map,False,43,61205,5557.18,8.00,24,55.81,60928,99.55,104,0.17,30,0.05,2,4.65,35,81.40
user,True,10,map,True,35,61290,6123.10,11.50,20,57.14,61036,99.59,104,0.17,30,0.05,2,5.71,28,80.00
user,False,500,map,False,1504,60597,694.67,39.00,354,23.54,42359,69.90,1171,1.93,1141,1.88,20,1.33,737,49.00
comment,True,10,map,False,129,31560,916.91,20.50,40,31.01,30059,95.24,152,0.48,106,0.34,3,2.33,68,52.71
comment,True,100,map,False,207,31430,806.79,26.00,73,35.27,29095,92.57,324,1.03,111,0.35,4,1.93,118,57.00
comment,True,1000,map,True,2258,30274,57.09,37.50,192,8.50,552,1.82,274,0.91,233,0.77,9,0.40,391,17.32
user,False,100,fcd,True,60869,61135,9.80,5.50,60844,99.96,30,0.05,24,0.04,15,0.02,0,0.00,60863,99.99
comment,False,100,fcd,False,37,31430,1494.10,19.00,12,32.43,9921,31.57,8010,25.49,6694,21.30,7,18.92,16,43.24
user,True,100,map,True,46,61135,5550.27,8.00,27,58.70,60852,99.54,104,0.17,30,0.05,2,4.35,38,82.61
submission,True,1000,fcd,True,55194,55946,18.36,6.00,55134,99.89,100,0.18,30,0.05,24,0.04,0,0.00,55181,99.98
submission,False,500,fcd,False,200,56640,1868.90,18.50,111,55.50,16837,29.73,14017,24.75,11455,20.22,8,4.00,141,70.50
submission,True,10,fcd,True,57028,57394,17.58,7.00,57001,99.95,100,0.17,30,0.05,24,0.04,0,0.00,57020,99.99
submission,True,50,fcd,False,143,57288,1837.84,29.00,79,55.24,16515,28.83,15637,27.30,10652,18.59,11,7.69,103,72.03
submission,False,1000,map,False,2006,55946,391.58,52.50,429,21.39,27670,49.46,850,1.52,774,1.38,32,1.60,858,42.77
submission,True,50,map,True,2881,57288,91.19,69.50,181,6.28,798,1.39,545,0.95,294,0.51,50,1.74,404,14.02
comment,False,500,fcd,True,30698,30919,5.00,3.00,30689,99.97,15,0.05,4,0.01,3,0.01,0,0.00,30697,100.00
user,False,1000,fcd,False,189,59941,1858.72,22.00,105,55.56,18913,31.55,15242,25.43,9190,15.33,11,5.82,135,71.43
submission,False,50,map,True,2779,57288,93.17,65.50,151,5.43,783,1.37,479,0.84,441,0.77,41,1.48,302,10.87
comment,False,10,map,True,1155,31560,252.33,41.00,122,10.56,14785,46.85,631,2.00,510,1.62,13,1.13,272,23.55
comment,True,50,fcd,False,26,31497,1851.59,19.00,10,38.46,8972,28.49,6540,20.76,6254,19.86,7,26.92,11,42.31
submission,False,500,map,True,3241,56640,70.75,52.50,239,7.37,397,0.70,359,0.63,243,0.43,26,0.80,446,13.76
comment,False,50,fcd,True,31396,31497,5.00,3.00,31389,99.98,15,0.05,4,0.01,3,0.01,0,0.00,31395,100.00
submission,False,10,fcd,True,57028,57394,17.58,7.00,57001,99.95,100,0.17,30,0.05,24,0.04,0,0.00,57020,99.99
submission,False,1000,map,True,3522,55946,68.01,47.00,297,8.43,373,0.67,355,0.63,253,0.45,22,0.62,546,15.50
user,True,500,fcd,False,134,60597,2010.80,26.00,74,55.22,19372,31.97,13318,21.98,8761,14.46,11,8.21,97,72.39
submission,True,500,map,True,97,56640,5129.00,8.00,61,62.89,56218,99.25,100,0.18,30,0.05,1,1.03,84,86.60
comment,True,500,map,True,2024,30919,62.15,43.50,146,7.21,673,2.18,280,0.91,266,0.86,13,0.64,298,14.72
submission,True,100,map,False,1236,57212,595.25,47.00,281,22.73,40549,70.87,915,1.60,895,1.56,25,2.02,587,47.49
submission,True,10,map,False,893,57394,686.12,43.00,225,25.20,45547,79.36,849,1.48,448,0.78,21,2.35,444,49.72
comment,False,1000,fcd,True,29949,30274,5.71,4.00,29925,99.92,15,0.05,10,0.03,5,0.02,0,0.00,29946,99.99
submission,True,1000,map,False,1527,55946,192.14,89.50,160,10.48,3609,6.45,1646,2.94,1441,2.58,83,5.44,319,20.89
user,False,10,map,True,35,61290,6123.10,11.50,20,57.14,61036,99.59,104,0.17,30,0.05,2,5.71,28,80.00
comment,False,100,fcd,True,31311,31430,5.00,3.00,31304,99.98,15,0.05,4,0.01,3,0.01,0,0.00,31310,100.00
comment,True,50,fcd,True,31396,31497,5.00,3.00,31389,99.98,15,0.05,4,0.01,3,0.01,0,0.00,31395,100.00
comment,True,10,map,True,1379,31560,136.29,51.50,84,6.09,6080,19.26,695,2.20,347,1.10,24,1.74,235,17.04
user,True,100,map,False,46,61135,5550.27,8.00,27,58.70,60852,99.54,104,0.17,30,0.05,2,4.35,38,82.61
user,False,50,map,False,43,61205,5557.18,8.00,24,55.81,60928,99.55,104,0.17,30,0.05,2,4.65,35,81.40
comment,True,1000,map,False,711,30274,459.10,37.50,217,30.52,21515,71.07,1143,3.78,676,2.23,15,2.11,407,57.24
user,False,50,fcd,True,60959,61205,9.80,5.50,60935,99.96,30,0.05,24,0.04,15,0.02,0,0.00,60953,99.99
comment,False,50,map,False,248,31497,902.26,19.50,105,42.34,29196,92.69,418,1.33,168,0.53,4,1.61,174,70.16
user,True,1000,map,False,1830,59941,457.55,54.00,416,22.73,34110,56.91,1287,2.15,1152,1.92,34,1.86,861,47.05
submission,True,500,fcd,False,177,56640,1563.08,26.50,112,63.28,12378,21.85,11229,19.83,10447,18.44,12,6.78,129,72.88
comment,False,1000,fcd,False,76,30274,1206.00,19.00,43,56.58,8286,27.37,6250,20.64,4618,15.25,10,13.16,53,69.74
submission,False,50,map,False,885,57288,729.94,38.00,244,27.57,46599,81.34,638,1.11,522,0.91,15,1.69,499,56.38
user,False,500,fcd,True,60098,60597,18.36,6.00,60060,99.94,104,0.17,30,0.05,24,0.04,1,0.00,60090,99.99
user,True,10,fcd,False,84,61290,2037.47,21.50,38,45.24,18923,30.87,13697,22.35,9788,15.97,9,10.71,49,58.33
user,True,500,map,True,3300,60597,90.51,56.50,204,6.18,934,1.54,888,1.47,294,0.49,33,1.00,399,12.09
