,id,segment_id,time_slot,visit_count
0,1,1,13092728400000000,33
1,2,2,13092728400000000,8
2,5,2,13092814800000000,10
3,6,5,13092814800000000,2
4,7,1,13092814800000000,6
5,9,1,13092901200000000,4
6,11,5,13092901200000000,1
7,12,7,13092901200000000,1
8,19,2,13093074000000000,17
9,20,5,13093074000000000,1
10,24,15,13093074000000000,5
11,28,15,13093333200000000,1
12,29,5,13093333200000000,36
13,34,5,13093506000000000,5
14,36,2,13093506000000000,59
15,40,2,13093592400000000,27
16,41,20,13093592400000000,1
17,43,1,13093592400000000,4
18,45,5,13093592400000000,1
19,46,15,13093592400000000,1
20,50,25,13093678800000000,1
21,53,1,13093678800000000,2
22,58,29,13093938000000000,1
23,59,5,13093938000000000,6
24,62,1,13093938000000000,1
25,65,34,13093938000000000,1
26,72,15,13094024400000000,1
27,73,2,13094024400000000,1
28,75,39,13094024400000000,1
29,77,41,13094024400000000,1
30,78,1,13094024400000000,1
31,80,5,13094110800000000,5
32,81,1,13094110800000000,1
33,82,15,13094110800000000,5
34,86,25,13094110800000000,1
35,87,45,13094110800000000,1
36,88,2,13094110800000000,38
37,89,46,13094110800000000,1
38,91,48,13094110800000000,1
39,92,41,13094110800000000,3
40,94,50,13094110800000000,3
41,95,2,13094197200000000,26
42,97,41,13094197200000000,7
43,98,5,13094197200000000,1
44,99,1,13094197200000000,2
45,101,29,13094197200000000,1
46,102,15,13094197200000000,1
47,103,46,13094197200000000,2
48,104,1,13094283600000000,4
49,106,5,13094283600000000,1
50,107,41,13094283600000000,1
51,108,29,13094283600000000,1
52,109,46,13094283600000000,1
53,110,1,13094542800000000,1
54,111,15,13094542800000000,1
55,112,2,13094542800000000,2
56,113,51,13094542800000000,3
57,115,50,13094542800000000,4
58,116,29,13094542800000000,2
59,118,48,13094542800000000,5
60,119,15,13094629200000000,2
61,123,45,13094629200000000,2
62,127,48,13094629200000000,2
63,129,41,13094629200000000,1
64,130,56,13094629200000000,1
65,133,1,13094715600000000,1
66,134,20,13094715600000000,1
67,135,15,13094715600000000,1
68,136,57,13094715600000000,1
69,138,5,13094715600000000,1
70,139,48,13094715600000000,2
71,141,41,13094715600000000,1
72,142,29,13094715600000000,1
73,144,48,13094802000000000,13
74,146,29,13094802000000000,1
75,147,61,13094802000000000,1
76,148,2,13094802000000000,1
77,149,62,13094802000000000,1
78,150,63,13094802000000000,2
79,151,41,13094802000000000,2
80,155,1,13094888400000000,5
81,156,48,13094888400000000,3
82,157,41,13094888400000000,5
83,158,50,13094888400000000,1
84,160,67,13094888400000000,1
85,161,2,13094888400000000,8
86,163,20,13094888400000000,1
87,168,5,13095061200000000,1
88,171,41,13095061200000000,3
89,172,61,13095061200000000,1
90,178,1,13095147600000000,2
91,179,77,13095147600000000,1
92,182,41,13095147600000000,2
93,184,34,13095147600000000,1
94,185,1,13095234000000000,2
95,187,29,13095234000000000,1
96,188,15,13095234000000000,2
97,189,34,13095234000000000,1
98,190,41,13095234000000000,1
99,193,61,13095320400000000,4
100,195,41,13095320400000000,6
101,196,1,13095320400000000,2
102,197,48,13095320400000000,9
103,199,5,13095320400000000,1
104,202,2,13095406800000000,11
105,206,41,13095406800000000,3
106,207,29,13095406800000000,1
107,208,48,13095752400000000,11
108,210,87,13095752400000000,2
109,211,41,13095752400000000,4
110,212,48,13095838800000000,5
111,214,41,13095838800000000,4
112,215,29,13095838800000000,3
113,216,1,13095838800000000,4
114,218,88,13095838800000000,4
115,219,46,13095838800000000,1
116,220,63,13095838800000000,1
117,226,50,13095925200000000,7
118,227,41,13095925200000000,3
119,228,1,13096011600000000,5
120,230,29,13096011600000000,2
121,232,48,13096011600000000,21
122,234,2,13096011600000000,11
123,235,46,13096011600000000,6
124,238,57,13096011600000000,1
125,241,96,13096011600000000,1
126,243,48,13096357200000000,4
127,245,1,13096357200000000,2
128,247,41,13096357200000000,1
129,249,29,13096357200000000,1
130,253,5,13096357200000000,1
131,256,2,13096443600000000,15
132,257,1,13096443600000000,4
133,258,77,13096443600000000,5
134,259,48,13096443600000000,7
135,264,5,13096443600000000,4
136,267,29,13096443600000000,3
137,271,41,13096443600000000,1
138,273,48,13096530000000000,11
139,274,1,13096530000000000,1
140,275,41,13096530000000000,2
141,277,96,13096530000000000,1
142,278,46,13096530000000000,2
143,283,5,13096530000000000,10
144,286,48,13096616400000000,13
145,287,63,13096616400000000,1
146,288,1,13096616400000000,3
147,290,5,13096616400000000,1
148,294,41,13096616400000000,2
149,295,2,13096616400000000,10
150,297,48,13096702800000000,12
151,298,29,13096702800000000,1
152,299,41,13096702800000000,5
153,300,46,13096702800000000,3
154,301,113,13096702800000000,2
155,303,5,13096702800000000,3
156,304,46,13096875600000000,2
157,305,48,13096875600000000,2
158,306,41,13096875600000000,1
159,307,1,13096875600000000,1
160,309,1,13096962000000000,2
161,310,41,13096962000000000,3
162,311,5,13096962000000000,34
163,314,48,13096962000000000,5
164,316,46,13096962000000000,1
165,317,41,13097048400000000,1
166,318,2,13097048400000000,14
167,319,1,13097048400000000,3
168,320,48,13097048400000000,9
169,322,5,13097048400000000,1
170,324,51,13097048400000000,2
171,325,25,13097048400000000,1
172,327,48,13097134800000000,19
173,328,29,13097134800000000,4
174,329,1,13097134800000000,2
175,331,41,13097134800000000,3
176,333,5,13097134800000000,4
177,335,39,13097134800000000,5
178,336,46,13097134800000000,1
179,337,63,13097134800000000,1
180,338,46,13097221200000000,1
181,339,48,13097221200000000,17
182,341,34,13097221200000000,2
183,342,1,13097221200000000,5
184,343,2,13097221200000000,20
185,344,41,13097221200000000,5
186,345,119,13097221200000000,2
187,347,50,13097221200000000,2
188,348,29,13097221200000000,1
189,349,2,13097307600000000,10
190,350,121,13097307600000000,1
191,351,5,13097307600000000,3
192,352,48,13097307600000000,6
193,353,45,13097307600000000,1
194,354,29,13097394000000000,1
195,355,48,13097394000000000,1
196,356,1,13097480400000000,5
197,357,41,13097480400000000,6
198,358,48,13097480400000000,14
199,359,46,13097480400000000,4
200,363,119,13097480400000000,3
201,366,29,13097480400000000,1
202,369,63,13097480400000000,1
203,371,113,13097480400000000,2
204,372,121,13097566800000000,1
205,376,5,13097566800000000,3
206,378,119,13097566800000000,8
207,379,29,13097566800000000,3
208,380,48,13097566800000000,4
209,381,41,13097566800000000,1
210,382,1,13097566800000000,2
211,383,20,13097566800000000,1
212,385,128,13097566800000000,1
213,388,45,13097653200000000,1
214,389,121,13097653200000000,1
215,390,63,13097653200000000,1
216,391,1,13097653200000000,2
217,392,48,13097653200000000,9
218,395,46,13097653200000000,2
219,399,41,13097653200000000,1
220,400,48,13097739600000000,7
221,401,119,13097739600000000,7
222,402,1,13097739600000000,2
223,404,2,13097739600000000,7
224,405,41,13097739600000000,7
225,406,121,13097739600000000,1
226,409,48,13097826000000000,4
227,410,45,13097826000000000,4
228,411,121,13097826000000000,1
229,412,1,13097826000000000,2
230,414,46,13097826000000000,3
231,415,135,13097826000000000,2
232,417,2,13097826000000000,1
233,418,20,13097826000000000,1
234,419,5,13097826000000000,32
235,429,128,13097826000000000,1
236,431,146,13097826000000000,1
237,432,77,13097826000000000,1
238,433,147,13097912400000000,2
239,435,48,13097912400000000,4
240,436,1,13097912400000000,4
241,437,41,13097912400000000,1
242,440,2,13097912400000000,5
243,441,45,13097912400000000,1
244,442,1,13098171600000000,2
245,443,50,13098171600000000,3
246,445,20,13098171600000000,1
247,446,41,13098171600000000,1
248,447,128,13098171600000000,1
249,448,135,13098171600000000,1
250,450,151,13098171600000000,1
251,451,48,13098171600000000,1
252,455,29,13098171600000000,1
253,460,61,13098258000000000,1
254,461,20,13098258000000000,1
255,466,121,13098258000000000,1
256,468,48,13098344400000000,11
257,469,135,13098344400000000,2
258,470,121,13098344400000000,1
259,471,2,13098344400000000,9
260,472,5,13098344400000000,1
261,475,41,13098344400000000,1
262,476,63,13098344400000000,1
263,477,1,13098430800000000,2
264,478,121,13098430800000000,1
265,479,160,13098430800000000,1
266,480,29,13098430800000000,1
267,481,48,13098430800000000,5
268,483,161,13098430800000000,1
269,484,128,13098430800000000,1
270,485,5,13098430800000000,3
271,487,45,13098430800000000,1
272,488,63,13098430800000000,1
273,489,121,13098517200000000,1
274,490,1,13098517200000000,2
275,492,48,13098517200000000,4
276,493,41,13098517200000000,1
277,494,1,13098603600000000,1
278,495,48,13098603600000000,10
279,496,2,13098603600000000,9
280,497,41,13098603600000000,4
281,498,5,13098603600000000,30
282,499,61,13098603600000000,1
283,500,45,13098776400000000,1
284,501,121,13098776400000000,1
285,502,5,13098776400000000,1
286,503,48,13098776400000000,2
287,504,1,13098776400000000,2
288,505,2,13098776400000000,13
289,506,162,13098776400000000,8
290,507,63,13098776400000000,1
291,508,41,13098776400000000,6
292,510,29,13098776400000000,1
293,511,20,13098776400000000,12
294,513,1,13098862800000000,1
295,514,121,13098862800000000,1
296,515,48,13098862800000000,19
297,516,41,13098862800000000,2
298,517,20,13098862800000000,1
299,518,128,13098862800000000,1
300,519,5,13098862800000000,5
301,520,39,13098862800000000,1
302,522,2,13098862800000000,8
303,524,46,13098862800000000,2
304,525,45,13098862800000000,1
305,526,1,13098949200000000,3
306,528,48,13098949200000000,9
307,532,5,13099035600000000,2
308,533,1,13099122000000000,6
309,534,147,13099122000000000,1
310,535,41,13099122000000000,5
311,538,48,13099122000000000,11
312,539,121,13099122000000000,1
313,540,20,13099122000000000,1
314,541,168,13099122000000000,8
315,542,46,13099122000000000,1
316,544,41,13099208400000000,4
317,547,48,13099208400000000,2
318,548,172,13099208400000000,3
319,550,20,13099208400000000,1
320,551,46,13099208400000000,1
321,552,1,13099208400000000,1
322,554,61,13099208400000000,1
323,555,5,13099294800000000,2
324,556,121,13099381200000000,1
325,557,41,13099381200000000,2
326,558,161,13099381200000000,1
327,559,135,13099381200000000,1
328,561,1,13099381200000000,1
329,562,29,13099381200000000,2
330,563,48,13099381200000000,3
331,565,5,13099381200000000,42
332,566,61,13099381200000000,1
333,567,77,13099381200000000,4
334,571,5,13099467600000000,2
335,572,1,13099467600000000,1
336,574,45,13099467600000000,1
337,575,48,13099467600000000,5
338,576,41,13099467600000000,4
339,577,61,13099467600000000,1
340,578,48,13099554000000000,12
341,580,15,13099554000000000,1
342,581,1,13099554000000000,3
343,582,45,13099554000000000,7
344,585,20,13099554000000000,20
345,586,46,13099554000000000,4
346,587,41,13099554000000000,21
347,588,5,13099554000000000,3
348,589,2,13099554000000000,11
349,591,128,13099554000000000,1
350,593,179,13099554000000000,1
351,596,135,13099640400000000,1
352,597,1,13099640400000000,4
353,598,41,13099640400000000,2
354,599,5,13099640400000000,1
355,600,48,13099640400000000,9
356,601,45,13099640400000000,1
357,602,2,13099640400000000,17
358,605,121,13099726800000000,1
359,606,128,13099726800000000,2
360,607,146,13099726800000000,4
361,608,5,13099726800000000,2
362,609,48,13099726800000000,4
363,610,25,13099726800000000,1
364,611,46,13099726800000000,3
365,613,48,13099899600000000,2
366,614,41,13099899600000000,2
367,615,2,13099986000000000,9
368,616,121,13099986000000000,1
369,617,1,13099986000000000,1
370,618,5,13099986000000000,1
371,619,45,13099986000000000,2
372,620,48,13099986000000000,6
373,623,29,13099986000000000,1
374,631,179,13099986000000000,1
375,633,121,13100072400000000,1
376,634,29,13100072400000000,2
377,636,20,13100072400000000,1
378,637,48,13100072400000000,6
379,638,45,13100072400000000,2
380,639,135,13100072400000000,1
381,640,128,13100072400000000,1
382,643,147,13100072400000000,1
383,644,2,13100072400000000,3
384,646,179,13100072400000000,1
385,650,61,13100072400000000,1
386,651,51,13100072400000000,1
387,653,121,13100158800000000,1
388,655,5,13100158800000000,116
389,657,77,13100158800000000,4
390,658,1,13100158800000000,2
391,659,48,13100158800000000,3
392,665,161,13100158800000000,1
393,672,48,13100245200000000,2
394,674,41,13100245200000000,1
395,675,179,13100245200000000,1
396,676,20,13100245200000000,2
397,677,172,13100245200000000,1
398,678,128,13100245200000000,1
399,679,161,13100245200000000,1
400,681,45,13100331600000000,2
401,682,121,13100331600000000,1
402,684,5,13100331600000000,2
403,686,48,13100331600000000,5
404,687,128,13100331600000000,1
405,688,20,13100331600000000,1
406,689,179,13100331600000000,1
407,690,1,13100331600000000,1
408,691,46,13100331600000000,1
409,692,206,13100331600000000,1
410,693,1,13100418000000000,3
411,695,48,13100418000000000,6
412,697,41,13100418000000000,2
413,698,207,13100418000000000,1
414,699,46,13100418000000000,3
415,700,5,13100418000000000,1
416,701,128,13100504400000000,1
417,702,48,13100504400000000,5
418,706,5,13100504400000000,1
419,707,5,13100590800000000,3
420,708,179,13100590800000000,1
421,709,48,13100590800000000,9
422,711,1,13100590800000000,2
423,713,135,13100590800000000,1
424,714,207,13100590800000000,1
425,715,50,13100590800000000,4
426,717,1,13100677200000000,2
427,718,5,13100677200000000,1
428,719,121,13100677200000000,1
429,720,48,13100677200000000,4
430,721,46,13100677200000000,4
431,724,179,13100677200000000,1
432,725,213,13100677200000000,1
433,726,41,13100677200000000,2
434,727,63,13100677200000000,1
435,728,45,13100677200000000,2
436,730,121,13100763600000000,1
437,731,135,13100763600000000,1
438,733,216,13100763600000000,1
439,735,48,13100763600000000,5
440,736,41,13100763600000000,1
441,737,5,13100763600000000,5
442,738,1,13100763600000000,1
443,739,45,13100763600000000,3
444,748,20,13100763600000000,15
445,749,128,13100763600000000,1
446,750,1,13100850000000000,2
447,751,48,13100850000000000,2
448,753,5,13100850000000000,10
449,754,135,13100850000000000,5
450,755,45,13100850000000000,2
451,756,179,13100850000000000,1
452,757,121,13100850000000000,1
453,758,41,13100850000000000,1
454,759,41,13100936400000000,4
455,760,121,13100936400000000,1
456,761,1,13100936400000000,1
457,762,48,13100936400000000,7
458,763,5,13100936400000000,2
459,764,135,13100936400000000,2
460,765,45,13100936400000000,2
461,766,46,13100936400000000,1
462,768,48,13101022800000000,9
463,771,5,13101022800000000,1
464,773,207,13101022800000000,1
465,774,5,13101109200000000,1
466,775,121,13101195600000000,1
467,777,2,13101195600000000,7
468,778,1,13101195600000000,2
469,779,5,13101195600000000,6
470,780,45,13101195600000000,21
471,781,56,13101195600000000,3
472,783,179,13101195600000000,2
473,784,213,13101195600000000,1
474,785,222,13101195600000000,4
475,786,48,13101195600000000,6
476,787,41,13101195600000000,1
477,788,135,13101195600000000,1
478,789,128,13101195600000000,1
479,792,128,13101282000000000,1
480,793,41,13101282000000000,2
481,794,48,13101282000000000,9
482,795,179,13101282000000000,1
483,796,121,13101282000000000,1
484,797,213,13101282000000000,1
485,799,1,13101282000000000,2
486,800,46,13101282000000000,3
487,801,135,13101282000000000,2
488,802,5,13101282000000000,1
489,803,45,13101282000000000,3
490,804,113,13101282000000000,2
491,806,29,13101282000000000,1
492,807,1,13101368400000000,2
493,808,45,13101368400000000,1
494,809,5,13101368400000000,6
495,810,128,13101368400000000,4
496,811,135,13101368400000000,6
497,813,222,13101368400000000,15
498,814,48,13101368400000000,4
499,815,227,13101368400000000,1
500,818,179,13101368400000000,2
501,819,41,13101368400000000,1
502,821,63,13101368400000000,2
503,822,121,13101368400000000,1
504,823,2,13101368400000000,7
505,825,56,13101368400000000,1
506,827,29,13101368400000000,1
507,830,48,13101454800000000,8
508,831,2,13101454800000000,7
509,833,1,13101454800000000,3
510,834,46,13101454800000000,3
511,837,5,13101454800000000,1
512,838,41,13101454800000000,3
513,840,29,13101454800000000,1
514,841,48,13101541200000000,9
515,842,1,13101541200000000,3
516,843,135,13101541200000000,1
517,847,46,13101541200000000,1
518,848,234,13101541200000000,1
519,849,41,13101541200000000,1
520,850,48,13101627600000000,6
521,851,1,13101627600000000,4
522,853,41,13101627600000000,2
523,854,207,13101627600000000,1
524,856,119,13101627600000000,14
525,857,29,13101627600000000,2
526,859,237,13101627600000000,1
527,860,20,13101627600000000,7
528,862,2,13101627600000000,25
529,864,41,13101714000000000,2
530,865,1,13101714000000000,2
531,866,29,13101714000000000,1
532,867,48,13101714000000000,2
533,868,172,13101714000000000,1
534,871,20,13101714000000000,1
535,873,121,13101800400000000,1
536,874,45,13101800400000000,9
537,875,1,13101800400000000,4
538,876,5,13101800400000000,7
539,878,234,13101800400000000,1
540,879,162,13101800400000000,2
541,880,213,13101800400000000,1
542,881,48,13101800400000000,4
543,882,128,13101800400000000,1
544,883,135,13101800400000000,1
545,884,161,13101800400000000,1
546,885,46,13101800400000000,1
547,888,207,13101886800000000,1
548,889,128,13101886800000000,1
549,890,48,13101886800000000,6
550,892,41,13101886800000000,2
551,893,45,13101886800000000,3
552,895,51,13101886800000000,1
553,896,77,13101886800000000,1
554,897,1,13101886800000000,1
555,899,1,13101973200000000,4
556,903,48,13101973200000000,8
557,904,5,13101973200000000,4
558,907,87,13101973200000000,3
559,908,128,13101973200000000,1
560,909,179,13101973200000000,2
561,910,41,13101973200000000,4
562,911,135,13101973200000000,1
563,912,113,13101973200000000,2
564,913,234,13101973200000000,2
565,914,46,13101973200000000,1
566,916,213,13102059600000000,1
567,917,41,13102059600000000,6
568,918,56,13102059600000000,2
569,919,5,13102059600000000,3
570,920,48,13102059600000000,9
571,922,46,13102059600000000,7
572,923,1,13102059600000000,1
573,924,172,13102059600000000,1
574,926,63,13102059600000000,1
575,927,77,13102059600000000,1
576,928,45,13102059600000000,1
577,929,15,13102059600000000,1
578,930,61,13102059600000000,1
579,932,179,13102059600000000,1
580,935,63,13102146000000000,2
581,939,29,13102146000000000,1
582,940,121,13102146000000000,1
583,943,5,13102146000000000,3
584,947,1,13102146000000000,2
585,948,48,13102146000000000,5
586,949,46,13102146000000000,2
587,950,213,13102146000000000,1
588,952,41,13102146000000000,3
589,953,248,13102146000000000,1
590,954,222,13102232400000000,1
591,955,1,13102401600000000,3
592,956,15,13102401600000000,1
593,957,48,13102401600000000,8
594,958,213,13102401600000000,3
595,959,121,13102401600000000,1
596,960,5,13102401600000000,16
597,964,46,13102401600000000,1
598,968,128,13102488000000000,1
599,969,135,13102488000000000,1
600,970,1,13102488000000000,2
601,971,48,13102488000000000,5
602,972,248,13102488000000000,1
603,974,213,13102488000000000,1
604,977,41,13102488000000000,1
605,978,87,13102488000000000,2
606,980,20,13102488000000000,2
607,981,121,13102574400000000,1
608,982,128,13102574400000000,1
609,983,46,13102574400000000,1
610,985,48,13102574400000000,3
611,986,56,13102574400000000,3
612,987,5,13102574400000000,1
613,988,255,13102574400000000,2
614,990,5,13102660800000000,2
615,991,121,13102660800000000,1
616,992,46,13102660800000000,3
617,993,128,13102660800000000,3
618,994,248,13102660800000000,2
619,995,48,13102660800000000,3
620,997,41,13102660800000000,1
621,998,257,13102747200000000,1
622,1001,5,13102747200000000,5
623,1003,128,13102747200000000,2
624,1004,56,13102747200000000,3
625,1005,63,13102747200000000,1
626,1006,135,13102747200000000,1
627,1008,46,13102747200000000,1
628,1009,41,13102747200000000,1
629,1010,48,13102833600000000,12
630,1011,41,13102833600000000,4
631,1012,46,13102833600000000,1
632,1013,1,13102833600000000,1
633,1014,15,13102833600000000,2
634,1015,207,13102833600000000,1
635,1016,29,13102833600000000,1
636,1017,261,13102920000000000,1
637,1018,29,13102920000000000,1
638,1019,48,13102920000000000,11
639,1020,41,13102920000000000,6
640,1021,5,13102920000000000,1
641,1029,56,13103006400000000,2
642,1030,121,13103006400000000,1
643,1031,5,13103006400000000,4
644,1034,46,13103006400000000,1
645,1035,41,13103006400000000,3
646,1036,128,13103006400000000,1
647,1037,1,13103006400000000,2
648,1038,48,13103006400000000,6
649,1040,41,13103092800000000,3
650,1041,128,13103092800000000,4
651,1042,135,13103092800000000,1
652,1043,5,13103092800000000,4
653,1045,51,13103092800000000,1
654,1046,56,13103092800000000,5
655,1047,248,13103092800000000,1
656,1049,48,13103092800000000,5
657,1050,269,13103092800000000,1
658,1053,63,13103092800000000,1
659,1054,1,13103179200000000,1
660,1055,29,13103179200000000,1
661,1056,48,13103179200000000,3
662,1057,56,13103179200000000,1
663,1058,41,13103179200000000,3
664,1060,261,13103179200000000,1
665,1063,1,13103265600000000,1
666,1064,5,13103265600000000,1
667,1066,20,13103265600000000,4
668,1068,276,13103265600000000,2
669,1069,113,13103265600000000,1
670,1070,48,13103265600000000,2
671,1072,56,13103265600000000,1
672,1073,46,13103265600000000,2
673,1074,213,13103352000000000,5
674,1075,41,13103352000000000,2
675,1076,121,13103352000000000,1
676,1077,1,13103352000000000,1
677,1079,48,13103438400000000,5
678,1080,41,13103438400000000,6
679,1081,1,13103438400000000,1
680,1082,227,13103438400000000,2
681,1083,48,13103524800000000,14
682,1084,41,13103524800000000,8
683,1085,56,13103524800000000,20
684,1086,45,13103524800000000,1
685,1087,29,13103524800000000,1
686,1088,135,13103524800000000,1
687,1089,5,13103524800000000,1
688,1093,1,13103524800000000,1
689,1094,1,13103611200000000,1
690,1095,5,13103611200000000,2
691,1096,121,13103611200000000,1
692,1097,15,13103611200000000,1
693,1098,248,13103611200000000,3
694,1099,46,13103611200000000,3
695,1100,48,13103611200000000,2
696,1101,41,13103611200000000,2
697,1106,48,13103697600000000,7
698,1107,248,13103697600000000,1
699,1108,5,13103697600000000,1
700,1109,1,13103697600000000,1
701,1110,261,13103697600000000,1
702,1111,121,13103784000000000,1
703,1112,48,13103784000000000,12
704,1114,5,13103784000000000,2
705,1116,20,13103784000000000,2
706,1118,261,13103784000000000,1
707,1119,213,13103870400000000,1
708,1120,121,13103870400000000,1
709,1121,48,13103870400000000,3
710,1122,1,13103870400000000,1
711,1123,29,13103870400000000,2
712,1124,20,13103870400000000,2
713,1131,41,13103870400000000,1
714,1133,5,13103870400000000,2
715,1134,135,13103870400000000,2
716,1135,2,13103870400000000,4
717,1138,121,13103956800000000,1
718,1139,5,13103956800000000,3
719,1140,135,13103956800000000,1
720,1141,213,13103956800000000,3
721,1142,48,13103956800000000,12
722,1143,41,13103956800000000,2
723,1144,2,13103956800000000,9
724,1145,46,13103956800000000,1
725,1146,1,13103956800000000,1
726,1147,261,13103956800000000,1
727,1148,41,13104043200000000,12
728,1149,48,13104043200000000,2
729,1153,29,13104043200000000,2
730,1154,56,13104043200000000,1
731,1157,41,13104129600000000,5
732,1158,48,13104129600000000,6
733,1159,56,13104129600000000,2
734,1161,46,13104129600000000,1
735,1162,128,13104129600000000,1
736,1163,213,13104129600000000,1
737,1164,119,13104129600000000,3
738,1165,293,13104129600000000,1
739,1166,1,13104129600000000,1
740,1167,261,13104129600000000,1
741,1168,56,13104216000000000,12
742,1170,121,13104216000000000,2
743,1171,1,13104216000000000,5
744,1172,213,13104216000000000,3
745,1173,135,13104216000000000,2
746,1174,5,13104216000000000,4
747,1175,128,13104216000000000,2
748,1177,48,13104216000000000,1
749,1178,295,13104216000000000,2
750,1180,161,13104216000000000,1
751,1181,41,13104216000000000,1
752,1182,146,13104302400000000,1
753,1183,121,13104302400000000,1
754,1187,5,13104302400000000,3
755,1188,56,13104302400000000,3
756,1192,213,13104302400000000,3
757,1195,135,13104302400000000,2
758,1196,48,13104388800000000,4
759,1197,213,13104388800000000,6
760,1198,128,13104388800000000,1
761,1199,135,13104388800000000,1
762,1200,5,13104388800000000,2
763,1204,29,13104388800000000,1
764,1205,303,13104388800000000,1
765,1206,41,13104388800000000,1
766,1207,295,13104475200000000,3
767,1208,1,13104475200000000,1
768,1209,48,13104475200000000,1
769,1210,56,13104475200000000,1
770,1212,5,13104475200000000,1
771,1213,46,13104475200000000,1
772,1214,113,13104475200000000,1
773,1215,1,13104561600000000,2
774,1216,295,13104561600000000,11
775,1217,56,13104561600000000,2
776,1218,248,13104561600000000,2
777,1219,46,13104561600000000,2
778,1220,213,13104561600000000,1
779,1221,48,13104561600000000,6
780,1222,41,13104561600000000,1
781,1223,261,13104561600000000,1
782,1225,48,13104648000000000,10
783,1227,29,13104648000000000,1
784,1228,46,13104648000000000,2
785,1229,41,13104648000000000,2
786,1231,261,13104648000000000,1
787,1232,46,13104734400000000,1
788,1233,29,13104734400000000,1
789,1234,1,13104820800000000,1
790,1235,295,13104820800000000,12
791,1236,213,13104820800000000,2
792,1237,5,13104820800000000,8
793,1238,56,13104820800000000,15
794,1239,48,13104820800000000,1
795,1240,87,13104820800000000,1
796,1241,15,13104820800000000,1
797,1242,135,13104820800000000,1
798,1243,46,13104820800000000,2
799,1244,29,13104820800000000,2
800,1245,45,13104820800000000,1
801,1247,305,13104820800000000,3
802,1249,50,13104820800000000,1
803,1250,261,13104820800000000,1
804,1251,41,13104820800000000,1
805,1252,213,13104907200000000,4
806,1253,48,13104907200000000,7
807,1254,1,13104907200000000,1
808,1255,46,13104907200000000,4
809,1256,56,13104907200000000,3
810,1257,5,13104907200000000,2
811,1258,257,13104907200000000,1
812,1259,29,13104907200000000,1
813,1260,295,13104907200000000,10
814,1261,41,13104907200000000,1
815,1262,48,13104993600000000,1
816,1263,56,13104993600000000,1
817,1264,5,13104993600000000,3
818,1266,213,13104993600000000,2
819,1268,41,13104993600000000,2
820,1269,261,13104993600000000,1
821,1270,179,13105080000000000,1
822,1271,5,13105080000000000,1
823,1274,213,13105080000000000,3
824,1275,88,13105080000000000,7
825,1278,295,13105080000000000,10
826,1279,213,13105166400000000,2
827,1280,48,13105166400000000,7
828,1281,46,13105166400000000,2
829,1282,5,13105166400000000,1
830,1283,56,13105166400000000,1
831,1284,295,13105166400000000,8
832,1285,261,13105166400000000,1
833,1286,48,13105252800000000,13
834,1287,312,13105252800000000,3
835,1288,5,13105252800000000,2
836,1290,56,13105252800000000,1
837,1293,41,13105252800000000,1
838,1294,1,13105339200000000,1
839,1295,48,13105339200000000,4
840,1297,41,13105339200000000,2
841,1299,48,13105425600000000,10
842,1300,316,13105425600000000,1
843,1301,5,13105425600000000,4
844,1304,269,13105425600000000,1
845,1305,213,13105425600000000,1
846,1306,161,13105425600000000,1
847,1308,128,13105425600000000,1
848,1309,1,13105425600000000,1
849,1311,61,13105425600000000,1
850,1312,1,13105512000000000,5
851,1313,56,13105512000000000,12
852,1314,5,13105512000000000,2
853,1315,135,13105512000000000,2
854,1316,128,13105512000000000,2
855,1318,46,13105512000000000,1
856,1319,213,13105512000000000,2
857,1320,48,13105512000000000,3
858,1321,295,13105512000000000,8
859,1322,45,13105512000000000,1
860,1323,319,13105512000000000,1
861,1325,119,13105598400000000,3
862,1326,1,13105598400000000,6
863,1328,45,13105598400000000,1
864,1329,48,13105598400000000,7
865,1332,41,13105598400000000,1
866,1333,135,13105598400000000,3
867,1334,56,13105598400000000,14
868,1335,61,13105598400000000,1
869,1336,128,13105598400000000,1
870,1337,1,13105684800000000,2
871,1338,46,13105684800000000,1
872,1339,48,13105684800000000,6
873,1340,5,13105684800000000,1
874,1341,56,13105684800000000,6
875,1342,135,13105684800000000,4
876,1343,128,13105684800000000,2
877,1344,113,13105684800000000,1
878,1346,41,13105684800000000,1
879,1348,295,13105684800000000,6
880,1350,5,13105771200000000,1
881,1351,1,13105771200000000,3
882,1352,48,13105771200000000,5
883,1353,56,13105771200000000,2
884,1354,213,13105771200000000,2
885,1355,41,13105771200000000,2
886,1357,29,13105771200000000,1
887,1358,46,13105771200000000,1
888,1359,303,13105857600000000,2
889,1360,41,13105857600000000,3
890,1361,48,13105857600000000,2
891,1363,295,13105857600000000,6
892,1364,322,13105857600000000,1
893,1365,5,13105857600000000,1
894,1366,128,13105857600000000,1
895,1367,1,13105857600000000,1
896,1368,41,13105944000000000,2
897,1369,46,13105944000000000,1
898,1370,1,13106116800000000,1
899,1371,213,13106116800000000,1
900,1372,323,13106116800000000,1
901,1374,48,13106116800000000,3
902,1375,41,13106116800000000,4
903,1376,213,13106203200000000,1
904,1377,48,13106203200000000,21
905,1378,41,13106203200000000,6
906,1379,15,13106203200000000,1
907,1380,5,13106203200000000,6
908,1381,46,13106203200000000,1
909,1382,1,13106203200000000,2
910,1383,56,13106203200000000,1
911,1384,135,13106203200000000,1
912,1387,295,13106203200000000,6
913,1388,1,13106289600000000,3
914,1389,213,13106289600000000,1
915,1390,48,13106289600000000,1
916,1391,41,13106289600000000,3
917,1392,5,13106289600000000,1
918,1393,295,13106289600000000,3
919,1394,213,13106376000000000,1
920,1395,48,13106376000000000,9
921,1396,322,13106376000000000,2
922,1397,46,13106376000000000,1
923,1398,1,13106376000000000,2
924,1400,261,13106376000000000,1
925,1401,41,13106462400000000,8
926,1402,48,13106462400000000,9
927,1404,1,13106462400000000,1
928,1405,119,13106462400000000,3
929,1406,50,13106462400000000,4
930,1407,261,13106462400000000,1
931,1408,295,13106548800000000,19
932,1409,56,13106548800000000,1
933,1410,41,13106548800000000,1
934,1411,46,13106548800000000,2
935,1412,48,13106548800000000,3
936,1413,1,13106548800000000,1
937,1414,135,13106635200000000,3
938,1415,128,13106635200000000,1
939,1416,327,13106635200000000,37
940,1417,48,13106635200000000,3
941,1418,5,13106635200000000,5
942,1419,213,13106635200000000,1
943,1420,46,13106635200000000,1
944,1421,56,13106635200000000,1
945,1422,29,13106635200000000,1
946,1423,41,13106635200000000,3
947,1424,207,13106635200000000,1
948,1425,48,13106721600000000,4
949,1426,77,13106721600000000,13
950,1427,327,13106721600000000,2
951,1428,5,13106721600000000,9
952,1429,56,13106721600000000,1
953,1430,1,13106721600000000,2
954,1431,213,13106721600000000,1
955,1433,295,13106721600000000,6
956,1434,207,13106721600000000,1
957,1435,46,13106721600000000,1
958,1436,213,13106808000000000,2
959,1437,1,13106808000000000,4
960,1438,207,13106808000000000,2
961,1439,46,13106808000000000,2
962,1440,48,13106808000000000,2
963,1441,5,13106808000000000,32
964,1442,56,13106808000000000,1
965,1443,128,13106808000000000,1
966,1444,172,13106808000000000,1
967,1445,56,13106894400000000,1
968,1446,234,13106894400000000,5
969,1448,5,13106894400000000,13
970,1449,330,13106894400000000,1
971,1450,322,13106894400000000,2
972,1451,1,13106894400000000,1
973,1453,48,13106894400000000,3
974,1454,213,13106894400000000,1
975,1455,295,13106894400000000,9
976,1456,207,13106980800000000,1
977,1457,48,13106980800000000,3
978,1458,135,13106980800000000,1
979,1459,213,13106980800000000,2
980,1460,179,13106980800000000,2
981,1461,41,13106980800000000,1
982,1463,1,13106980800000000,3
983,1464,5,13106980800000000,4
984,1466,46,13106980800000000,1
985,1467,48,13107067200000000,12
986,1468,41,13107067200000000,7
987,1469,46,13107067200000000,4
988,1470,207,13107067200000000,6
989,1471,1,13107067200000000,1
990,1472,29,13107067200000000,2
991,1473,261,13107067200000000,2
992,1474,48,13107153600000000,3
993,1475,41,13107153600000000,3
994,1476,50,13107153600000000,2
995,1477,295,13107240000000000,15
996,1478,1,13107240000000000,5
997,1479,179,13107240000000000,1
998,1480,5,13107240000000000,13
999,1481,56,13107240000000000,6
1000,1482,213,13107240000000000,2
1001,1484,48,13107240000000000,6
1002,1485,234,13107240000000000,3
1003,1486,322,13107240000000000,1
1004,1487,45,13107240000000000,1
1005,1488,41,13107240000000000,1
1006,1490,207,13107240000000000,1
1007,1491,45,13107326400000000,1
1008,1492,56,13107326400000000,3
1009,1493,5,13107326400000000,2
1010,1494,179,13107326400000000,1
1011,1495,48,13107326400000000,1
1012,1496,234,13107326400000000,3
1013,1498,1,13107326400000000,1
1014,1500,41,13107326400000000,2
1015,1501,334,13107412800000000,1
1016,1503,56,13107412800000000,1
1017,1504,213,13107412800000000,3
1018,1506,5,13107412800000000,1
1019,1507,61,13107412800000000,2
1020,1509,48,13107412800000000,3
1021,1510,234,13107412800000000,1
1022,1511,51,13107412800000000,1
1023,1513,179,13107412800000000,1
1024,1514,1,13107412800000000,1
1025,1515,295,13107412800000000,15
1026,1516,41,13107412800000000,1
1027,1517,48,13107499200000000,2
1028,1519,213,13107499200000000,5
1029,1520,15,13107499200000000,1
1030,1521,338,13107499200000000,2
1031,1522,5,13107499200000000,6
1032,1523,46,13107499200000000,2
1033,1524,295,13107499200000000,6
1034,1525,1,13107585600000000,2
1035,1526,213,13107585600000000,2
1036,1527,322,13107585600000000,1
1037,1528,48,13107585600000000,3
1038,1529,41,13107585600000000,1
1039,1530,56,13107585600000000,10
1040,1531,303,13107585600000000,2
1041,1532,179,13107585600000000,1
1042,1533,5,13107585600000000,4
1043,1534,327,13107585600000000,1
1044,1535,339,13107585600000000,1
1045,1536,295,13107585600000000,6
1046,1537,48,13107672000000000,8
1047,1538,179,13107672000000000,1
1048,1539,128,13107672000000000,1
1049,1540,5,13107672000000000,3
1050,1541,46,13107672000000000,2
1051,1542,56,13107672000000000,4
1052,1543,51,13107672000000000,1
1053,1544,340,13107672000000000,1
1054,1545,41,13107672000000000,11
1055,1546,119,13107672000000000,3
1056,1547,88,13107672000000000,5
1057,1549,261,13107758400000000,3
1058,1550,41,13107758400000000,16
1059,1551,48,13107758400000000,6
1060,1552,5,13107758400000000,122
1061,1554,61,13107758400000000,6
1062,1555,56,13107758400000000,1
1063,1556,162,13107758400000000,3
1064,1558,213,13107844800000000,4
1065,1559,207,13107844800000000,1
1066,1560,1,13107844800000000,3
1067,1561,295,13107844800000000,11
1068,1562,338,13107844800000000,2
1069,1563,45,13107844800000000,1
1070,1564,5,13107844800000000,4
1071,1565,48,13107844800000000,3
1072,1566,344,13107844800000000,1
1073,1567,345,13107844800000000,1
1074,1569,56,13107844800000000,4
1075,1570,322,13107844800000000,1
1076,1571,330,13107844800000000,15
1077,1573,135,13107844800000000,1
1078,1574,63,13107844800000000,1
1079,1575,41,13107844800000000,2
1080,1576,61,13107844800000000,2
1081,1577,5,13107931200000000,256
1082,1578,322,13107931200000000,1
1083,1579,1,13107931200000000,4
1084,1580,213,13107931200000000,2
1085,1581,61,13107931200000000,2
1086,1582,48,13107931200000000,5
1087,1583,41,13107931200000000,1
1088,1584,348,13107931200000000,2
1089,1585,179,13107931200000000,1
1090,1586,349,13107931200000000,1
1091,1587,41,13108017600000000,2
1092,1588,213,13108017600000000,2
1093,1589,295,13108017600000000,13
1094,1590,350,13108017600000000,1
1095,1591,46,13108017600000000,1
1096,1592,48,13108017600000000,5
1097,1593,56,13108017600000000,1
1098,1594,128,13108017600000000,1
1099,1595,61,13108017600000000,2
1100,1596,351,13108017600000000,1
1101,1597,352,13108017600000000,1
1102,1598,135,13108017600000000,1
1103,1599,353,13108017600000000,2
1104,1600,213,13108104000000000,1
1105,1601,1,13108104000000000,1
1106,1602,48,13108104000000000,1
1107,1603,41,13108104000000000,2
1108,1604,295,13108104000000000,3
1109,1605,46,13108104000000000,1
1110,1606,295,13108190400000000,3
1111,1607,48,13108190400000000,4
1112,1608,41,13108190400000000,4
1113,1609,1,13108190400000000,2
1114,1610,20,13108190400000000,2
1115,1611,234,13108276800000000,1
1116,1612,48,13108276800000000,2
1117,1613,41,13108276800000000,2
1118,1614,213,13108276800000000,2
1119,1615,354,13108363200000000,1
1120,1616,355,13108363200000000,8
1121,1617,179,13108363200000000,1
1122,1618,48,13108363200000000,3
1123,1619,41,13108363200000000,4
1124,1620,46,13108363200000000,1
1125,1621,356,13108363200000000,3
1126,1622,222,13108363200000000,1
1127,1623,48,13108449600000000,9
1128,1624,213,13108449600000000,2
1129,1625,1,13108449600000000,3
1130,1626,15,13108449600000000,1
1131,1627,46,13108449600000000,1
1132,1628,357,13108449600000000,1
1133,1629,295,13108449600000000,7
1134,1630,322,13108449600000000,1
1135,1631,5,13108449600000000,5
1136,1632,56,13108449600000000,14
1137,1633,162,13108449600000000,25
1138,1634,358,13108449600000000,1
1139,1635,135,13108449600000000,2
1140,1636,359,13108449600000000,2
1141,1637,234,13108449600000000,1
1142,1638,41,13108449600000000,2
1143,1639,360,13108449600000000,1
1144,1640,361,13108449600000000,1
1145,1641,119,13108449600000000,9
1146,1642,362,13108536000000000,3
1147,1643,48,13108536000000000,6
1148,1644,363,13108536000000000,1
1149,1645,364,13108536000000000,1
1150,1646,1,13108536000000000,3
1151,1647,365,13108536000000000,1
1152,1648,366,13108536000000000,2
1153,1649,179,13108536000000000,1
1154,1650,5,13108536000000000,1
1155,1651,29,13108536000000000,1
1156,1652,367,13108536000000000,1
1157,1653,41,13108536000000000,1
1158,1654,46,13108536000000000,1
1159,1655,234,13108536000000000,1
1160,1656,237,13108536000000000,1
1161,1657,46,13108622400000000,2
1162,1658,56,13108622400000000,9
1163,1659,1,13108622400000000,8
1164,1660,295,13108622400000000,12
1165,1661,368,13108622400000000,1
1166,1662,20,13108622400000000,1
1167,1663,48,13108622400000000,2
1168,1664,369,13108622400000000,1
1169,1665,322,13108622400000000,1
1170,1666,5,13108622400000000,3
1171,1667,213,13108622400000000,2
1172,1668,51,13108622400000000,1
1173,1669,5,13108708800000000,5
1174,1670,56,13108708800000000,1
1175,1671,234,13108708800000000,1
1176,1672,1,13108708800000000,2
1177,1673,48,13108708800000000,3
1178,1674,213,13108708800000000,2
1179,1675,46,13108708800000000,1
1180,1676,41,13108708800000000,1
1181,1677,295,13108708800000000,9
1182,1678,48,13108795200000000,4
1183,1679,213,13108795200000000,3
1184,1680,1,13108795200000000,1
1185,1681,41,13108795200000000,3
1186,1682,5,13108795200000000,2
1187,1683,295,13108795200000000,8
1188,1684,56,13108795200000000,2
1189,1685,162,13108795200000000,1
1190,1686,48,13108881600000000,3
1191,1687,1,13108881600000000,2
1192,1688,46,13108881600000000,1
1193,1689,29,13108881600000000,2
1194,1690,41,13108881600000000,44
1195,1691,48,13108968000000000,7
1196,1692,46,13108968000000000,9
1197,1693,29,13108968000000000,1
1198,1694,261,13108968000000000,1
1199,1695,41,13108968000000000,1
1200,1696,48,13109054400000000,5
1201,1697,1,13109054400000000,2
1202,1698,87,13109054400000000,3
1203,1699,56,13109054400000000,3
1204,1700,5,13109054400000000,1
1205,1701,370,13109054400000000,1
1206,1702,46,13109054400000000,2
1207,1703,1,13109140800000000,6
1208,1704,48,13109140800000000,6
1209,1705,295,13109140800000000,7
1210,1706,5,13109140800000000,3
1211,1707,56,13109140800000000,17
1212,1708,371,13109140800000000,2
1213,1709,322,13109140800000000,1
1214,1710,234,13109140800000000,2
1215,1711,372,13109140800000000,2
1216,1712,373,13109140800000000,1
1217,1713,41,13109140800000000,2
1218,1714,29,13109140800000000,1
1219,1715,213,13109140800000000,2
1220,1716,374,13109140800000000,1
1221,1717,162,13109140800000000,3
1222,1718,375,13109140800000000,12
1223,1719,376,13109140800000000,2
1224,1720,135,13109227200000000,2
1225,1721,213,13109227200000000,1
1226,1722,295,13109227200000000,5
1227,1723,48,13109227200000000,1
1228,1724,1,13109227200000000,1
1229,1725,56,13109227200000000,2
1230,1726,179,13109227200000000,1
1231,1727,5,13109227200000000,2
1232,1728,161,13109227200000000,1
1233,1729,377,13109227200000000,8
1234,1730,234,13109227200000000,1
1235,1731,269,13109227200000000,1
1236,1732,20,13109227200000000,5
1237,1733,295,13109313600000000,9
1238,1734,234,13109313600000000,1
1239,1735,56,13109313600000000,5
1240,1736,51,13109313600000000,2
1241,1737,162,13109313600000000,17
1242,1738,5,13109313600000000,2
1243,1739,378,13109313600000000,1
1244,1740,135,13109313600000000,1
1245,1741,48,13109313600000000,6
1246,1742,379,13109313600000000,1
1247,1743,380,13109313600000000,1
1248,1744,381,13109313600000000,1
1249,1745,382,13109313600000000,2
1250,1746,383,13109313600000000,1
1251,1747,384,13109313600000000,1
1252,1748,46,13109313600000000,1
1253,1749,213,13109313600000000,2
1254,1750,375,13109313600000000,18
1255,1751,41,13109313600000000,1
1256,1752,48,13109400000000000,3
1257,1753,162,13109400000000000,1
1258,1754,1,13109400000000000,1
1259,1755,385,13109400000000000,1
1260,1756,386,13109400000000000,1
1261,1757,295,13109400000000000,5
1262,1758,261,13109400000000000,2
1263,1759,46,13109400000000000,1
1264,1760,387,13109400000000000,1
1265,1761,375,13109400000000000,7
1266,1762,375,13109486400000000,3
1267,1763,48,13109486400000000,10
1268,1764,388,13109486400000000,7
1269,1765,41,13109486400000000,4
1270,1766,119,13109486400000000,12
1271,1767,261,13109486400000000,1
1272,1768,5,13109486400000000,1
1273,1769,162,13109486400000000,4
1274,1770,56,13109486400000000,2
1275,1771,48,13109572800000000,10
1276,1772,41,13109572800000000,5
1277,1773,119,13109572800000000,1
1278,1774,207,13109572800000000,1
1279,1775,46,13109572800000000,1
1280,1776,56,13109572800000000,2
1281,1777,29,13109572800000000,1
1282,1778,162,13109572800000000,1
1283,1779,5,13109572800000000,1
1284,1780,1,13109572800000000,1
1285,1781,41,13109659200000000,1
1286,1782,48,13109659200000000,3
1287,1783,56,13109659200000000,5
1288,1784,1,13109659200000000,4
1289,1785,295,13109659200000000,6
1290,1786,119,13109659200000000,1
1291,1787,5,13109659200000000,2
1292,1788,128,13109659200000000,1
1293,1789,29,13109659200000000,1
1294,1790,323,13109659200000000,2
1295,1791,295,13109745600000000,6
1296,1792,48,13109745600000000,6
1297,1793,46,13109745600000000,1
1298,1794,41,13109745600000000,3
1299,1795,56,13109745600000000,4
1300,1796,1,13109745600000000,1
1301,1797,45,13109745600000000,6
1302,1798,213,13109745600000000,5
1303,1799,5,13109745600000000,2
1304,1800,51,13109745600000000,3
1305,1801,29,13109745600000000,1
1306,1802,56,13109832000000000,3
1307,1803,5,13109832000000000,2
1308,1804,213,13109832000000000,1
1309,1805,1,13109832000000000,1
1310,1806,48,13109832000000000,5
1311,1807,119,13109832000000000,3
1312,1808,51,13109832000000000,1
1313,1809,389,13109832000000000,2
1314,1810,390,13109832000000000,1
1315,1811,172,13109832000000000,2
1316,1812,391,13109832000000000,1
1317,1813,41,13109832000000000,1
1318,1814,207,13109832000000000,1
1319,1815,234,13109832000000000,1
1320,1816,29,13109918400000000,3
1321,1817,135,13109918400000000,4
1322,1818,46,13109918400000000,1
1323,1819,5,13109918400000000,4
1324,1820,234,13109918400000000,2
1325,1821,179,13109918400000000,1
1326,1822,1,13109918400000000,2
1327,1823,248,13109918400000000,1
1328,1824,128,13109918400000000,2
1329,1825,56,13109918400000000,9
1330,1826,392,13109918400000000,1
1331,1827,393,13109918400000000,2
1332,1828,255,13109918400000000,2
1333,1829,394,13109918400000000,1
1334,1830,77,13109918400000000,1
1335,1831,41,13109918400000000,1
1336,1832,48,13109918400000000,3
1337,1833,213,13109918400000000,1
1338,1834,213,13110004800000000,5
1339,1835,48,13110004800000000,1
1340,1836,56,13110091200000000,5
1341,1837,48,13110091200000000,3
1342,1838,41,13110091200000000,1
1343,1839,29,13110091200000000,1
1344,1840,5,13110091200000000,1
1345,1841,261,13110091200000000,1
1346,1842,375,13110091200000000,4
1347,1843,207,13110177600000000,1
1348,1844,48,13110177600000000,15
1349,1845,46,13110177600000000,2
1350,1846,179,13110177600000000,1
1351,1847,41,13110177600000000,3
1352,1848,119,13110177600000000,2
1353,1849,46,13110264000000000,1
1354,1850,48,13110264000000000,5
1355,1851,207,13110264000000000,1
1356,1852,5,13110264000000000,1
1357,1853,1,13110264000000000,1
1358,1854,213,13110350400000000,3
1359,1855,48,13110350400000000,5
1360,1856,1,13110350400000000,3
1361,1857,5,13110350400000000,1
1362,1858,51,13110350400000000,1
1363,1859,395,13110350400000000,2
1364,1860,396,13110350400000000,2
1365,1861,41,13110350400000000,2
1366,1862,207,13110350400000000,1
1367,1863,46,13110350400000000,2
1368,1864,1,13110436800000000,3
1369,1865,213,13110436800000000,2
1370,1866,128,13110436800000000,1
1371,1867,5,13110436800000000,1
1372,1868,1,13110523200000000,1
1373,1869,213,13110523200000000,5
1374,1870,56,13110523200000000,2
1375,1871,5,13110523200000000,1
1376,1872,48,13110523200000000,4
1377,1873,207,13110523200000000,2
1378,1874,213,13110609600000000,3
1379,1875,48,13110609600000000,2
1380,1876,41,13110609600000000,5
1381,1877,5,13110609600000000,3
1382,1878,295,13110609600000000,6
1383,1879,56,13110609600000000,9
1384,1880,20,13110609600000000,1
1385,1881,397,13110609600000000,2
1386,1882,29,13110609600000000,1
1387,1883,128,13110609600000000,1
1388,1884,135,13110609600000000,1
1389,1885,322,13110609600000000,1
1390,1886,46,13110609600000000,1
1391,1887,207,13110609600000000,2
1392,1888,234,13110696000000000,3
1393,1889,295,13110696000000000,4
1394,1890,48,13110696000000000,6
1395,1891,119,13110696000000000,6
1396,1892,41,13110696000000000,1
1397,1893,46,13110696000000000,2
1398,1894,29,13110696000000000,1
1399,1895,207,13110696000000000,2
1400,1896,56,13110696000000000,3
1401,1897,1,13110696000000000,1
1402,1898,135,13110696000000000,3
1403,1899,41,13110782400000000,5
1404,1900,1,13110782400000000,2
1405,1901,29,13110782400000000,1
1406,1902,48,13110782400000000,8
1407,1903,46,13110782400000000,1
1408,1904,295,13110782400000000,23
1409,1905,41,13110868800000000,5
1410,1906,48,13110868800000000,11
1411,1907,295,13110868800000000,20
1412,1908,1,13110868800000000,1
1413,1909,56,13110868800000000,82
1414,1910,213,13110868800000000,2
1415,1911,5,13110868800000000,3
1416,1912,135,13110868800000000,1
1417,1913,398,13110868800000000,2
1418,1914,399,13110868800000000,1
1419,1915,400,13110868800000000,1
1420,1916,128,13110868800000000,1
1421,1917,401,13110868800000000,1
1422,1918,207,13110868800000000,1
1423,1919,295,13110955200000000,4
1424,1920,56,13110955200000000,31
1425,1921,402,13110955200000000,1
1426,1922,403,13110955200000000,1
1427,1923,400,13110955200000000,1
1428,1924,404,13110955200000000,1
1429,1925,213,13110955200000000,1
1430,1926,179,13110955200000000,2
1431,1927,295,13111041600000000,5
1432,1928,339,13111041600000000,1
1433,1929,405,13111041600000000,2
1434,1930,179,13111041600000000,1
1435,1931,406,13111041600000000,1
1436,1932,407,13111041600000000,1
1437,1933,322,13111041600000000,4
1438,1934,1,13111041600000000,1
1439,1935,128,13111041600000000,3
1440,1936,135,13111041600000000,1
1441,1937,5,13111041600000000,2
1442,1938,172,13111041600000000,1
1443,1939,51,13111041600000000,2
1444,1940,56,13111041600000000,10
1445,1941,257,13111041600000000,1
1446,1942,408,13111041600000000,1
1447,1943,48,13111128000000000,4
1448,1944,1,13111128000000000,1
1449,1945,56,13111128000000000,3
1450,1946,5,13111128000000000,2
1451,1947,179,13111128000000000,1
1452,1948,295,13111128000000000,5
1453,1949,409,13111128000000000,1
1454,1950,410,13111128000000000,1
1455,1951,213,13111214400000000,1
1456,1952,41,13111214400000000,1
1457,1953,179,13111214400000000,1
1458,1954,1,13111473600000000,1
1459,1955,5,13111473600000000,5
1460,1956,56,13111473600000000,15
1461,1957,322,13111473600000000,1
1462,1958,295,13111473600000000,6
1463,1959,179,13111473600000000,2
1464,1960,135,13111473600000000,1
1465,1961,172,13111473600000000,1
1466,1962,48,13111473600000000,4
1467,1963,41,13111473600000000,1
1468,1964,411,13111473600000000,1
1469,1965,375,13111473600000000,10
1470,1966,46,13111473600000000,2
1471,1967,48,13111560000000000,4
1472,1968,295,13111560000000000,13
1473,1969,322,13111560000000000,2
1474,1970,5,13111560000000000,1
1475,1971,56,13111560000000000,7
1476,1972,46,13111560000000000,1
1477,1973,179,13111560000000000,1
1478,1974,41,13111560000000000,2
1479,1975,376,13111560000000000,1
1480,1976,295,13111646400000000,5
1481,1977,41,13111646400000000,4
1482,1978,56,13111646400000000,1
1483,1979,46,13111646400000000,1
1484,1980,51,13111646400000000,1
1485,1981,410,13111646400000000,1
1486,1982,5,13111646400000000,3
1487,1983,48,13111646400000000,1
1488,1984,135,13111646400000000,1
1489,1985,1,13111732800000000,4
1490,1986,234,13111732800000000,2
1491,1987,48,13111732800000000,11
1492,1988,46,13111732800000000,2
1493,1989,56,13111732800000000,54
1494,1990,412,13111732800000000,1
1495,1991,405,13111732800000000,1
1496,1992,5,13111732800000000,6
1497,1993,413,13111732800000000,3
1498,1994,414,13111732800000000,1
1499,1995,213,13111732800000000,2
1500,1996,41,13111732800000000,2
1501,1997,29,13111732800000000,1
1502,1998,334,13111732800000000,1
1503,1999,207,13111732800000000,1
1504,2000,1,13111819200000000,1
1505,2001,56,13111819200000000,1
1506,2002,322,13111819200000000,1
1507,2003,295,13111819200000000,6
1508,2004,46,13111992000000000,1
1509,2005,48,13111992000000000,1
1510,2006,261,13111992000000000,1
1511,2007,376,13112078400000000,2
1512,2008,56,13112078400000000,2
1513,2009,48,13112078400000000,1
1514,2010,41,13112078400000000,1
1515,2011,46,13112078400000000,2
1516,2012,415,13112078400000000,1
1517,2013,416,13112164800000000,3
1518,2014,179,13112164800000000,2
1519,2015,213,13112164800000000,2
1520,2016,322,13112164800000000,1
1521,2017,48,13112164800000000,5
1522,2018,56,13112164800000000,92
1523,2019,5,13112164800000000,3
1524,2020,417,13112164800000000,1
1525,2021,295,13112164800000000,6
1526,2022,41,13112164800000000,2
1527,2023,207,13112164800000000,1
1528,2024,135,13112251200000000,1
1529,2025,5,13112251200000000,4
1530,2026,48,13112251200000000,4
1531,2027,56,13112251200000000,20
1532,2028,418,13112251200000000,2
1533,2029,45,13112251200000000,1
1534,2030,119,13112251200000000,18
1535,2031,295,13112251200000000,1
1536,2032,322,13112251200000000,1
1537,2033,1,13112251200000000,1
1538,2034,234,13112337600000000,2
1539,2035,56,13112337600000000,44
1540,2036,48,13112337600000000,5
1541,2037,295,13112337600000000,14
1542,2038,63,13112337600000000,1
1543,2039,419,13112337600000000,1
1544,2040,5,13112337600000000,8
1545,2041,41,13112337600000000,1
1546,2042,5,13112424000000000,1
1547,2043,41,13112424000000000,1
1548,2044,234,13112424000000000,3
1549,2045,56,13112424000000000,3
1550,2046,420,13112424000000000,1
1551,2047,1,13112424000000000,1
1552,2048,48,13112424000000000,7
1553,2049,179,13112424000000000,1
1554,2050,421,13112424000000000,1
1555,2051,422,13112424000000000,2
1556,2052,119,13112424000000000,13
1557,2053,46,13112424000000000,2
1558,2054,261,13112510400000000,1
1559,2055,46,13112510400000000,6
1560,2056,1,13112510400000000,1
1561,2057,48,13112510400000000,9
1562,2058,41,13112510400000000,5
1563,2059,29,13112510400000000,2
1564,2060,48,13112596800000000,1
1565,2061,207,13112596800000000,1
1566,2062,1,13112683200000000,3
1567,2063,423,13112683200000000,3
1568,2064,48,13112683200000000,5
1569,2065,119,13112683200000000,40
1570,2066,424,13112683200000000,2
1571,2067,425,13112683200000000,2
1572,2068,426,13112683200000000,3
1573,2069,56,13112683200000000,4
1574,2070,2,13112683200000000,1
1575,2071,295,13112683200000000,7
1576,2072,161,13112683200000000,1
1577,2073,146,13112683200000000,20
1578,2074,41,13112683200000000,2
1579,2075,207,13112683200000000,1
1580,2076,261,13112683200000000,1
1581,2077,1,13112769600000000,4
1582,2078,427,13112769600000000,1
1583,2079,56,13112769600000000,1
1584,2080,5,13112769600000000,1
1585,2081,234,13112769600000000,1
1586,2082,48,13112769600000000,1
1587,2083,51,13112769600000000,1
1588,2084,213,13112856000000000,2
1589,2085,334,13112856000000000,1
1590,2086,1,13112856000000000,3
1591,2087,322,13112856000000000,1
1592,2088,135,13112856000000000,1
1593,2089,5,13112856000000000,4
1594,2090,128,13112856000000000,1
1595,2091,423,13112856000000000,6
1596,2092,119,13112856000000000,14
1597,2093,428,13112856000000000,1
1598,2094,429,13112856000000000,1
1599,2095,430,13112856000000000,2
1600,2096,48,13112856000000000,6
1601,2097,431,13112856000000000,1
1602,2098,56,13112856000000000,13
1603,2099,295,13112856000000000,13
1604,2100,41,13112856000000000,1
1605,2101,432,13112856000000000,1
1606,2102,234,13112856000000000,2
1607,2103,261,13112856000000000,1
1608,2104,433,13112856000000000,1
1609,2105,50,13112856000000000,3
1610,2106,234,13112942400000000,1
1611,2107,48,13112942400000000,9
1612,2108,423,13112942400000000,4
1613,2109,322,13112942400000000,1
1614,2110,295,13112942400000000,5
1615,2111,5,13112942400000000,3
1616,2112,56,13112942400000000,10
1617,2113,425,13112942400000000,2
1618,2114,1,13112942400000000,3
1619,2115,434,13112942400000000,8
1620,2116,435,13112942400000000,1
1621,2117,436,13112942400000000,1
1622,2118,437,13112942400000000,1
1623,2119,438,13112942400000000,1
1624,2120,439,13112942400000000,1
1625,2121,440,13112942400000000,1
1626,2122,50,13112942400000000,6
1627,2123,441,13112942400000000,1
1628,2124,41,13112942400000000,2
1629,2125,46,13112942400000000,1
1630,2126,1,13113028800000000,1
1631,2127,56,13113028800000000,2
1632,2128,48,13113028800000000,4
1633,2129,423,13113028800000000,3
1634,2130,63,13113028800000000,2
1635,2131,213,13113028800000000,1
1636,2132,5,13113028800000000,1
1637,2133,41,13113115200000000,6
1638,2134,261,13113115200000000,3
1639,2135,48,13113115200000000,5
1640,2136,423,13113115200000000,2
1641,2137,29,13113115200000000,1
1642,2138,48,13113201600000000,1
1643,2139,41,13113201600000000,1
1644,2140,423,13113201600000000,1
1645,2141,113,13113201600000000,1
1646,2142,442,13113201600000000,1
1647,2143,443,13113201600000000,1
1648,2144,1,13113288000000000,4
1649,2145,135,13113288000000000,1
1650,2146,87,13113288000000000,3
1651,2147,41,13113288000000000,3
1652,2148,48,13113288000000000,8
1653,2149,423,13113288000000000,7
1654,2150,56,13113288000000000,1
1655,2151,5,13113288000000000,1
1656,2152,405,13113288000000000,1
1657,2153,261,13113288000000000,1
1658,2154,295,13113288000000000,12
1659,2155,444,13113288000000000,1
1660,2156,213,13113288000000000,1
1661,2157,1,13113374400000000,4
1662,2158,5,13113374400000000,2
1663,2159,423,13113374400000000,3
1664,2160,46,13113374400000000,1
1665,2161,56,13113374400000000,2
1666,2162,234,13113374400000000,1
1667,2163,48,13113374400000000,2
1668,2164,119,13113374400000000,4
1669,2165,295,13113374400000000,7
1670,2166,119,13113460800000000,8
1671,2167,56,13113460800000000,6
1672,2168,423,13113460800000000,2
1673,2169,135,13113460800000000,2
1674,2170,295,13113460800000000,6
1675,2171,1,13113460800000000,1
1676,2172,1,13113547200000000,2
1677,2173,295,13113547200000000,4
1678,2174,5,13113547200000000,1
1679,2175,29,13113547200000000,2
1680,2176,56,13113547200000000,3
1681,2177,445,13113547200000000,2
1682,2178,48,13113547200000000,1
1683,2179,423,13113547200000000,1
1684,2180,135,13113547200000000,1
1685,2181,119,13113547200000000,6
1686,2182,46,13113633600000000,2
1687,2183,56,13113633600000000,2
1688,2184,1,13113633600000000,2
1689,2185,295,13113633600000000,6
1690,2186,48,13113633600000000,8
1691,2187,5,13113633600000000,2
1692,2188,423,13113633600000000,1
1693,2189,446,13113633600000000,1
1694,2190,213,13113720000000000,1
1695,2191,447,13113720000000000,1
1696,2192,5,13113720000000000,3
1697,2193,56,13113720000000000,2
1698,2194,48,13113720000000000,8
1699,2195,423,13113720000000000,5
1700,2196,41,13113720000000000,10
1701,2197,179,13113720000000000,1
1702,2198,29,13113720000000000,1
1703,2199,261,13113720000000000,1
1704,2200,207,13113806400000000,1
1705,2201,41,13113806400000000,2
1706,2202,425,13113806400000000,2
1707,2203,48,13113806400000000,1
1708,2204,213,13113892800000000,1
1709,2205,41,13113892800000000,11
1710,2206,423,13113892800000000,8
1711,2207,119,13113892800000000,2
1712,2208,1,13113892800000000,3
1713,2209,48,13113892800000000,7
1714,2210,135,13113892800000000,2
1715,2211,56,13113892800000000,59
1716,2212,5,13113892800000000,2
1717,2213,295,13113892800000000,6
1718,2214,261,13113892800000000,1
1719,2215,56,13113979200000000,38
1720,2216,1,13113979200000000,3
1721,2217,5,13113979200000000,3
1722,2218,423,13113979200000000,6
1723,2219,135,13113979200000000,3
1724,2220,448,13113979200000000,1
1725,2221,48,13113979200000000,9
1726,2222,449,13113979200000000,1
1727,2223,450,13113979200000000,1
1728,2224,451,13113979200000000,1
1729,2225,119,13113979200000000,7
1730,2226,41,13113979200000000,4
1731,2227,1,13114065600000000,6
1732,2228,48,13114065600000000,4
1733,2229,452,13114065600000000,1
1734,2230,56,13114065600000000,27
1735,2231,5,13114065600000000,19
1736,2232,135,13114065600000000,5
1737,2233,423,13114065600000000,6
1738,2234,213,13114065600000000,2
1739,2235,63,13114065600000000,1
1740,2236,172,13114065600000000,1
1741,2237,51,13114065600000000,1
1742,2238,41,13114065600000000,2
1743,2239,323,13114065600000000,1
1744,2240,41,13114152000000000,3
1745,2241,423,13114152000000000,7
1746,2242,135,13114152000000000,1
1747,2243,48,13114152000000000,7
1748,2244,56,13114152000000000,10
1749,2245,1,13114152000000000,1
1750,2246,453,13114152000000000,1
1751,2247,5,13114152000000000,1
1752,2248,213,13114152000000000,2
1753,2249,46,13114152000000000,1
1754,2250,48,13114238400000000,5
1755,2251,423,13114238400000000,6
1756,2252,1,13114238400000000,6
1757,2253,5,13114238400000000,3
1758,2254,454,13114238400000000,2
1759,2255,455,13114238400000000,2
1760,2256,135,13114238400000000,2
1761,2257,56,13114238400000000,9
1762,2258,322,13114238400000000,1
1763,2259,41,13114238400000000,1
1764,2260,261,13114324800000000,13
1765,2261,119,13114324800000000,14
1766,2262,423,13114324800000000,3
1767,2263,48,13114324800000000,8
1768,2264,15,13114324800000000,1
1769,2265,41,13114324800000000,6
1770,2266,1,13114324800000000,2
1771,2267,41,13114411200000000,23
1772,2268,48,13114411200000000,1
1773,2269,423,13114411200000000,1
1774,2270,1,13114411200000000,3
1775,2271,261,13114411200000000,2
1776,2272,29,13114411200000000,1
1777,2273,1,13114497600000000,6
1778,2274,63,13114497600000000,2
1779,2275,5,13114497600000000,5
1780,2276,56,13114497600000000,6
1781,2277,213,13114497600000000,1
1782,2278,423,13114497600000000,3
1783,2279,456,13114497600000000,3
1784,2280,41,13114497600000000,2
1785,2281,48,13114497600000000,2
1786,2282,48,13114584000000000,6
1787,2283,213,13114584000000000,4
1788,2284,41,13114584000000000,4
1789,2285,56,13114584000000000,1
1790,2286,135,13114584000000000,1
1791,2287,1,13114584000000000,2
1792,2288,423,13114584000000000,2
1793,2289,119,13114584000000000,12
1794,2290,51,13114584000000000,1
1795,2291,48,13114670400000000,5
1796,2292,41,13114670400000000,3
1797,2293,1,13114670400000000,4
1798,2294,213,13114670400000000,2
1799,2295,128,13114670400000000,3
1800,2296,257,13114670400000000,1
1801,2297,423,13114670400000000,3
1802,2298,46,13114670400000000,1
1803,2299,135,13114670400000000,2
1804,2300,56,13114670400000000,1
1805,2301,234,13114670400000000,1
1806,2302,334,13114670400000000,2
1807,2303,457,13114670400000000,1
1808,2304,56,13114756800000000,62
1809,2305,1,13114756800000000,6
1810,2306,458,13114756800000000,1
1811,2307,20,13114756800000000,2
1812,2308,5,13114756800000000,4
1813,2309,295,13114756800000000,2
1814,2310,161,13114756800000000,1
1815,2311,423,13114756800000000,3
1816,2312,459,13114756800000000,1
1817,2313,48,13114756800000000,3
1818,2314,41,13114756800000000,2
1819,2315,56,13114843200000000,36
1820,2316,46,13114843200000000,2
1821,2317,1,13114843200000000,2
1822,2318,423,13114843200000000,5
1823,2319,48,13114843200000000,1
1824,2320,5,13114843200000000,2
1825,2321,213,13114843200000000,2
1826,2322,460,13114843200000000,1
1827,2323,461,13114843200000000,1
1828,2324,51,13114843200000000,1
1829,2325,135,13114843200000000,1
1830,2326,462,13114843200000000,8
1831,2327,48,13114929600000000,4
1832,2328,423,13114929600000000,4
1833,2329,463,13114929600000000,2
1834,2330,46,13114929600000000,1
1835,2331,41,13114929600000000,1
1836,2332,41,13115016000000000,2
1837,2333,48,13115016000000000,6
1838,2334,1,13115016000000000,3
1839,2335,135,13115016000000000,2
1840,2336,423,13115016000000000,1
1841,2337,119,13115102400000000,6
1842,2338,41,13115102400000000,38
1843,2339,464,13115102400000000,1
1844,2340,48,13115102400000000,6
1845,2341,63,13115102400000000,1
1846,2342,1,13115102400000000,2
1847,2343,419,13115102400000000,1
1848,2344,261,13115102400000000,1
1849,2345,423,13115102400000000,1
1850,2346,207,13115188800000000,1
1851,2347,41,13115188800000000,3
1852,2348,234,13115188800000000,4
1853,2349,48,13115188800000000,10
1854,2350,135,13115188800000000,1
1855,2351,213,13115188800000000,7
1856,2352,5,13115188800000000,3
1857,2353,423,13115188800000000,6
1858,2354,334,13115188800000000,1
1859,2355,56,13115188800000000,18
1860,2356,1,13115188800000000,1
1861,2357,45,13115188800000000,1
1862,2358,322,13115188800000000,1
1863,2359,261,13115188800000000,1
1864,2360,48,13115275200000000,8
1865,2361,423,13115275200000000,9
1866,2362,213,13115275200000000,1
1867,2363,1,13115275200000000,3
1868,2364,56,13115275200000000,2
1869,2365,465,13115275200000000,1
1870,2366,5,13115275200000000,4
1871,2367,29,13115275200000000,1
1872,2368,119,13115275200000000,8
1873,2369,466,13115275200000000,1
1874,2370,1,13115361600000000,2
1875,2371,5,13115361600000000,1
1876,2372,423,13115361600000000,6
1877,2373,467,13115361600000000,3
1878,2374,56,13115361600000000,9
1879,2375,41,13115361600000000,1
1880,2376,213,13115361600000000,1
1881,2377,48,13115448000000000,4
1882,2378,423,13115448000000000,5
1883,2379,1,13115448000000000,3
1884,2380,56,13115448000000000,7
1885,2381,5,13115448000000000,4
1886,2382,119,13115448000000000,6
1887,2383,468,13115448000000000,5
1888,2384,456,13115448000000000,1
1889,2385,41,13115448000000000,3
1890,2386,469,13115448000000000,2
1891,2387,234,13115448000000000,1
1892,2388,87,13115448000000000,2
1893,2389,261,13115448000000000,1
1894,2390,48,13115534400000000,11
1895,2391,423,13115534400000000,2
1896,2392,470,13115534400000000,2
1897,2393,41,13115534400000000,6
1898,2394,1,13115534400000000,2
1899,2395,234,13115534400000000,1
1900,2396,261,13115534400000000,1
1901,2397,471,13115620800000000,10
1902,2398,468,13115620800000000,6
1903,2399,48,13115620800000000,6
1904,2400,41,13115620800000000,3
1905,2401,46,13115620800000000,1
1906,2402,1,13115620800000000,2
1907,2403,261,13115620800000000,1
1908,2404,1,13115707200000000,1
1909,2405,135,13115707200000000,1
1910,2406,56,13115707200000000,1
1911,2407,20,13115707200000000,3
1912,2408,234,13115707200000000,1
1913,2409,5,13115707200000000,1
1914,2410,2,13115707200000000,20
